{"cameraMode":{"drawMode":0,"name":"Shaded","section":"Shading Mode"},"sceneLighting":false,"audioPlay":false,"sceneViewState":{"showFog":false,"showMaterialUpdate":false,"showSkybox":false,"showFlares":false,"showImageEffects":false,"showParticleSystems":true},"in2DMode":false,"pivot":{"x":22.617610931396486,"y":14.194433212280274,"z":-22.85455322265625},"rotation":{"x":-0.2203122079372406,"y":0.18881718814373017,"z":-0.04351311922073364,"w":-0.9559902548789978},"size":5.557884693145752,"orthographic":false}